URL,AllMessagesFlag
https://t.me/FreeV2rays,TRUE
https://t.me/configV2rayNG,TRUE
https://t.me/vpnmasi,TRUE
https://t.me/v2ray_ar,TRUE
https://t.me/iSeqaro,TRUE
https://t.me/God_CONFIG,TRUE
https://t.me/vpn_ioss,TRUE
https://t.me/AliAlma_GSM,TRUE
https://t.me/reality_daily,TRUE
https://t.me/v2rayng_org,TRUE
https://t.me/v2rayngvpn,TRUE
https://t.me/flyv2ray,TRUE
https://t.me/v2ray_outlineir,TRUE
https://t.me/v2_vmess,TRUE
https://t.me/FreeVlessVpn,TRUE
https://t.me/freeland8,TRUE
https://t.me/vmess_vless_v2rayng,TRUE
https://t.me/PrivateVPNs,TRUE
https://t.me/vmessiran,TRUE
https://t.me/Outline_Vpn,TRUE
https://t.me/vmessq,TRUE
https://t.me/WeePeeN,TRUE
https://t.me/V2rayNG3,TRUE
https://t.me/ShadowsocksM,TRUE
https://t.me/shadowsocksshop,TRUE
https://t.me/v2rayan,TRUE
https://t.me/ShadowSocks_s,TRUE
https://t.me/VmessProtocol,TRUE
https://t.me/napsternetv_config,TRUE
https://t.me/Easy_Free_VPN,TRUE
https://t.me/V2Ray_FreedomIran,TRUE
https://t.me/V2RAY_VMESS_free,TRUE
https://t.me/v2ray_for_free,TRUE
https://t.me/V2rayN_Free,TRUE
https://t.me/free4allVPN,TRUE
https://t.me/vpn_ocean,TRUE
https://t.me/configV2rayForFree,TRUE
https://t.me/DigiV2ray,TRUE
https://t.me/v2rayNG_VPN,TRUE
https://t.me/freev2rayssr,TRUE
https://t.me/v2rayn_server,TRUE
https://t.me/Shadowlinkserverr,TRUE
https://t.me/iranvpnet,TRUE
https://t.me/vmess_iran,TRUE
https://t.me/mahsaamoon1,TRUE
https://t.me/V2RAY_NEW,TRUE
https://t.me/v2RayChannel,TRUE
https://t.me/config_v2ray,TRUE
https://t.me/vpn_proxy_custom,TRUE
https://t.me/v2ray_custom,TRUE
https://t.me/VPNCUSTOMIZE,TRUE
https://t.me/HTTPCustomLand,TRUE
https://t.me/ViPVpn_v2ray,TRUE
https://t.me/FreeNet1500,TRUE
https://t.me/beta_v2ray,TRUE
https://t.me/vip_vpn_2022,TRUE
https://t.me/FOX_VPN66,TRUE
https://t.me/VorTexIRN,TRUE
https://t.me/YtTe3la,TRUE
https://t.me/V2RayOxygen,TRUE
https://t.me/Network_442,TRUE
https://t.me/VPN_443,TRUE
https://t.me/v2rayng_v,TRUE
https://t.me/ultrasurf_12,TRUE
https://t.me/frev2rayng,TRUE
https://t.me/frev2ray,TRUE
https://t.me/FreakConfig,TRUE
https://t.me/Awlix_ir,TRUE
https://t.me/Configforvpn01,TRUE
https://t.me/polproxy,TRUE
https://t.me/v2rayvpnchannel,TRUE
https://t.me/proxy_mtm,TRUE
https://t.me/v2rayfree1,TRUE
https://t.me/free_v2rayyy,TRUE
https://t.me/nx_v2ray,TRUE
https://t.me/nufilter,TRUE
https://t.me/Free_HTTPCustom,TRUE
https://t.me/customv2ray,TRUE
https://t.me/vpn_Nv1,TRUE
https://t.me/shopingv2ray,TRUE
https://t.me/v2rayng_vpnrog,TRUE
https://t.me/ServerNett,TRUE
https://t.me/MT_TEAM_IRAN,TRUE
https://t.me/V2ray_Team,TRUE
https://t.me/VpnProsecc,TRUE
https://t.me/ConfigsHUB,TRUE
https://t.me/melov2ray,TRUE
https://t.me/V2pedia,TRUE
https://t.me/FalconPolV2rayNG,TRUE
https://t.me/ShadowProxy66,TRUE
https://t.me/prrofile_purple,TRUE
https://t.me/MsV2ray,TRUE
https://t.me/VlessConfig,TRUE
https://t.me/vless_vmess,TRUE
https://t.me/MehradLearn,TRUE
https://t.me/kingofilter,TRUE
https://t.me/IRN_VPN,TRUE
https://t.me/V2raysFree,TRUE
https://t.me/SvnTeam,TRUE
https://t.me/free1_vpn,TRUE
https://t.me/UnlimitedDev,TRUE
https://t.me/vpn_xw,TRUE
https://t.me/V2RayTz,TRUE
https://t.me/ipV2Ray,TRUE
https://t.me/OutlineVpnOfficial,TRUE
https://t.me/mehrosaboran,TRUE
https://t.me/mftizi,TRUE
https://t.me/https_config_injector,TRUE
https://t.me/Hope_Net,TRUE
https://t.me/V2rayng_Fast,TRUE
https://t.me/DailyV2RY,TRUE
https://t.me/shh_proxy,TRUE
https://t.me/forwardv2ray,TRUE
https://t.me/Lockey_vpn,TRUE
https://t.me/shadow_socks1,TRUE
https://t.me/Everyday_VPN,TRUE
https://t.me/V2rayCollectorDonate,TRUE
https://t.me/eliya_chiter0,TRUE
https://t.me/v2ray1_ng,TRUE
https://t.me/Romax_VPN,TRUE
https://t.me/DeamNet_proxy,TRUE
https://t.me/socks5tobefree,TRUE
https://t.me/V_2rey,TRUE
https://t.me/teamkingo,TRUE
https://t.me/spdnet,TRUE
https://t.me/TunelProV2,TRUE
https://t.me/iran_v2ray1,TRUE
https://t.me/v2rayvpn2,TRUE
https://t.me/v2rayNgg_iran,TRUE
https://t.me/V2rayNG_account_free,TRUE
https://t.me/V2rayi_net,TRUE
https://t.me/vpnowl,TRUE
https://t.me/ghalagyann,TRUE
https://t.me/XpnTeam,TRUE
https://t.me/fhkllvjkll,TRUE
https://t.me/V2ray_Alpha,TRUE
https://t.me/IRANVPNNET,TRUE
https://t.me/GH_v2rayng,TRUE
https://t.me/VPNwedbaz,TRUE
https://t.me/proxyymeliii,TRUE
https://t.me/icv2ray,TRUE
https://t.me/iTV2RAY,TRUE
https://t.me/ArV2ray,TRUE
https://t.me/SEVEN_ping,TRUE
https://t.me/meli_proxyy,TRUE
https://t.me/SafeNetIR,TRUE
https://t.me/SafeNet_Server,TRUE
https://t.me/V2RAYROZ,TRUE
https://t.me/V2Graphy,TRUE
https://t.me/ViraV2ray,TRUE
https://t.me/oneclickvpnkeys,TRUE
https://t.me/DirectVPN,TRUE
https://t.me/Parsashonam,TRUE
https://t.me/fnet00,TRUE
https://t.me/moh3enivx,TRUE
https://t.me/nofiltering2,TRUE
https://t.me/V2rayNGX,TRUE
https://t.me/IraneAzad_Net,TRUE
https://t.me/VPN_SOLVE,TRUE
https://t.me/Fr33C0nfig,TRUE
https://t.me/Freedomnetir,TRUE
https://t.me/iP_CF,TRUE
https://t.me/IP_CF_Config,TRUE
https://t.me/hddify,TRUE
https://t.me/Vaslchi_VPN,TRUE
https://t.me/ProxyPJ,TRUE
https://t.me/s/configfa,TRUE
https://t.me/s/PrivateVPNs,TRUE
https://t.me/s/safeNet4All,TRUE
https://t.me/s/directvpn,TRUE
https://t.me/s/v2rayfree,TRUE
https://t.me/s/golestan_vpn,TRUE
https://t.me/s/v2raying,TRUE
https://t.me/s/shadowproxy66,TRUE
https://t.me/s/ViProxys,TRUE
https://t.me/s/v2ray_free_conf,TRUE
https://t.me/s/meli_proxyy,TRUE
https://t.me/s/heyatserver,TRUE
https://t.me/s/Outline_Vpn,TRUE
https://t.me/s/sinavm,TRUE
https://t.me/s/hope_net,TRUE
https://t.me/s/DailyV2RY,TRUE
https://t.me/s/orange_vpns,TRUE
https://t.me/s/VmessProtocol,TRUE
https://t.me/s/proxy_shadosocks,TRUE
https://t.me/s/prrofile_purple,TRUE
https://t.me/s/vpnfail_vless,TRUE
https://t.me/s/redfree8,TRUE
https://t.me/s/IP_CF_Config,TRUE
https://t.me/s/LonUp_M,TRUE
https://t.me/s/FreeV2rays,TRUE
https://t.me/s/activevshop,TRUE
https://t.me/s/airdroplandcod,TRUE
https://t.me/s/alfred_config,TRUE
https://t.me/s/alienvpn402,TRUE
https://t.me/s/alo_v2rayng,TRUE
https://t.me/s/alpha_v2ray_fazayi,TRUE
https://t.me/s/amirinventor2010,TRUE
https://t.me/s/amironetwork,TRUE
https://t.me/s/ammar_taraz,TRUE
https://t.me/s/ana_service,TRUE
https://t.me/s/angus_vpn,TRUE
https://t.me/s/antimeli,TRUE
https://t.me/s/apple_x1,TRUE
https://t.me/s/appsooner,TRUE
https://t.me/s/ar_cod,TRUE
https://t.me/s/argo_vpn1,TRUE
https://t.me/s/argooo_vpn,TRUE
https://t.me/s/argotaz,TRUE
https://t.me/s/aries_init,TRUE
https://t.me/s/armod_iran,TRUE
https://t.me/s/armodchannel,TRUE
https://t.me/s/armodvpn,TRUE
https://t.me/s/arouxping,TRUE
https://t.me/s/arrowvpn,TRUE
https://t.me/s/arshia_mod_fun,TRUE
https://t.me/s/artemis_vpn_free,TRUE
https://t.me/s/arv2ra,TRUE
https://t.me/s/arv2ray,TRUE
https://t.me/s/aryoovpn,TRUE
https://t.me/s/asak_vpn,TRUE
https://t.me/s/asgard_vpn,TRUE
https://t.me/s/asr_proxy,TRUE
https://t.me/s/astrovpn_official,TRUE
https://t.me/s/awlix_ir,TRUE
https://t.me/s/azarbayjab1,TRUE
https://t.me/s/bermudavpn24,TRUE
https://t.me/s/black_vpn1,TRUE
https://t.me/s/blueshekan,TRUE
https://t.me/s/bluevpn11,TRUE
https://t.me/s/bluevpn111,TRUE
https://t.me/s/bored_vpn,TRUE
https://t.me/s/buffalo_vpn,TRUE
https://t.me/s/bypass_filter,TRUE
https://t.me/s/canfigvpn,TRUE
https://t.me/s/canfing_free,TRUE
https://t.me/s/castom_v2ray,TRUE
https://t.me/s/cattvpn,TRUE
https://t.me/s/catvpns,TRUE
https://t.me/s/cconfig_v2ray,TRUE
https://t.me/s/ch_a2l,TRUE
https://t.me/s/chanel_v2ray_2,TRUE
https://t.me/s/change_ip1,TRUE
https://t.me/s/charismatics_channel,TRUE
https://t.me/s/chatbuzzteam,TRUE
https://t.me/s/chestertm,TRUE
https://t.me/s/chv2raynp,TRUE
https://t.me/s/chv2raynp2,TRUE
https://t.me/s/circle_vpn,TRUE
https://t.me/s/cisco_acc,TRUE
https://t.me/s/clbfxs,TRUE
https://t.me/s/click_vpnn,TRUE
https://t.me/s/client_proo,TRUE
https://t.me/s/cloudcityy,TRUE
https://t.me/s/cloudflareiran,TRUE
https://t.me/s/codvpn,TRUE
https://t.me/s/config_proxy_ir,TRUE
https://t.me/s/config_station,TRUE
https://t.me/s/config_v2ray,TRUE
https://t.me/s/config_vip7,TRUE
https://t.me/s/configasli,TRUE
https://t.me/s/configfast,TRUE
https://t.me/s/configforvpn,TRUE
https://t.me/s/configforvpn01,TRUE
https://t.me/s/configms,TRUE
https://t.me/s/configpluse,TRUE
https://t.me/s/configpositive,TRUE
https://t.me/s/configshub,TRUE
https://t.me/s/configshub2,TRUE
https://t.me/s/configsstore,TRUE
https://t.me/s/configt,TRUE
https://t.me/s/configv2rayforfree,TRUE
https://t.me/s/configv2rayngvpn,TRUE
https://t.me/s/configyou,TRUE
https://t.me/s/confing_costume,TRUE
https://t.me/s/confingland,TRUE
https://t.me/s/confingv2raay,TRUE
https://t.me/s/connectix,TRUE
https://t.me/s/connectshu,TRUE
https://t.me/s/cpyteel_bin,TRUE
https://t.me/s/cr7v2ry,TRUE
https://t.me/s/croownvpn,TRUE
https://t.me/s/cryptoguardvpn,TRUE
https://t.me/s/custom_14,TRUE
https://t.me/s/custom_config,TRUE
https://t.me/s/custom_v2ray,TRUE
https://t.me/s/customizev2ray,TRUE
https://t.me/s/customv2ray,TRUE
https://t.me/s/customvpnserver,TRUE
https://t.me/s/cybearvpn,TRUE
https://t.me/s/daily_configs,TRUE
https://t.me/s/dailytek,TRUE
https://t.me/s/dailyv2ray,TRUE
https://t.me/s/damonconfig,TRUE
https://t.me/s/dark7web_news,TRUE
https://t.me/s/darkfiilter,TRUE
https://t.me/s/darkma3ter24,TRUE
https://t.me/s/darkproxytm,TRUE
https://t.me/s/darkteam_vpn,TRUE
https://t.me/s/darktelecom,TRUE
https://t.me/s/daryaye_sorkhh,TRUE
https://t.me/s/dashv2ray,TRUE
https://t.me/s/dayno_vpn,TRUE
https://t.me/s/deamnet_proxy,TRUE
https://t.me/s/decentral_notification,TRUE
https://t.me/s/defenyx_vpn,TRUE
https://t.me/s/deli_servers,TRUE
https://t.me/s/deragv2ray,TRUE
https://t.me/s/dgkbza,TRUE
https://t.me/s/diamondproxytm,TRUE
https://t.me/s/digigard_vpn,TRUE
https://t.me/s/digiv2ray,TRUE
https://t.me/s/digiv2ray23,TRUE
https://t.me/s/dingyue_center,TRUE
https://t.me/s/disconnectedconfig,TRUE
https://t.me/s/disvpn,TRUE
https://t.me/s/dns68,TRUE
https://t.me/s/donald_config,TRUE
https://t.me/s/dr_v2ray,TRUE
https://t.me/s/drvpn_net,TRUE
https://t.me/s/eaglevps,TRUE
https://t.me/s/easy_free_vpn,TRUE
https://t.me/s/editby,TRUE
https://t.me/s/ehsawn8,TRUE
https://t.me/s/eiv2ray,TRUE
https://t.me/s/eleutheriavpn,TRUE
https://t.me/s/elfv2ray,TRUE
https://t.me/s/elitevpnv2,TRUE
https://t.me/s/eliv2ray,TRUE
https://t.me/s/entrynet,TRUE
https://t.me/s/ertebatazad,TRUE
https://t.me/s/esetsecuritylicense,TRUE
https://t.me/s/everyday_vpn,TRUE
https://t.me/s/exoping,TRUE
https://t.me/s/express_v2ray,TRUE
https://t.me/s/expressvpn_420,TRUE
https://t.me/s/external_net,TRUE
https://t.me/s/f_nirevil,TRUE
https://t.me/s/falcunargo,TRUE
https://t.me/s/farahvpn,TRUE
https://t.me/s/farda_vip,TRUE
https://t.me/s/farhadvapeshop,TRUE
https://t.me/s/faridhelp,TRUE
https://t.me/s/farminv2ray,TRUE
https://t.me/s/fasst_vpn,TRUE
https://t.me/s/fast_2ray,TRUE
https://t.me/s/fast_config_info,TRUE
https://t.me/s/fast_ss,TRUE
https://t.me/s/fastfilterr,TRUE
https://t.me/s/fastfreeconfig,TRUE
https://t.me/s/fastkanfig,TRUE
https://t.me/s/fati_ffx,TRUE
https://t.me/s/fazevpn,TRUE
https://t.me/s/filter5050,TRUE
https://t.me/s/filterchy,TRUE
https://t.me/s/filterk0sh,TRUE
https://t.me/s/filtershekan_channel,TRUE
https://t.me/s/filtershkan2,TRUE
https://t.me/s/fire_vpn_channel,TRUE
https://t.me/s/fix_proxy,TRUE
https://t.me/s/flash_proxies,TRUE
https://t.me/s/flyv2ray,TRUE
https://t.me/s/fnet00,TRUE
https://t.me/s/fonix_ti,TRUE
https://t.me/s/forwardv2ray,TRUE
https://t.me/s/fox_vpn66,TRUE
https://t.me/s/foxnt,TRUE
https://t.me/s/freakconfig,TRUE
https://t.me/s/freakconfig1,TRUE
https://t.me/s/freakconfig2,TRUE
https://t.me/s/free1_vpn,TRUE
https://t.me/s/free1ss,TRUE
https://t.me/s/free4allvpn,TRUE
https://t.me/s/free_nettm,TRUE
https://t.me/s/free_omega,TRUE
https://t.me/s/free_outline_keys,TRUE
https://t.me/s/free_proxy_001,TRUE
https://t.me/s/free_v2ray_confing,TRUE
https://t.me/s/free_v2rayyy,TRUE
https://t.me/s/free_v2rng,TRUE
https://t.me/s/free_vip3,TRUE
https://t.me/s/free_vpn02,TRUE
https://t.me/s/free_vpn_for_all_of_us,TRUE
https://t.me/s/freeconfigvpns,TRUE
https://t.me/s/freeconfing,TRUE
https://t.me/s/freedatazone1,TRUE
https://t.me/s/freedom_config,TRUE
https://t.me/s/freeiranet,TRUE
https://t.me/s/freeiranianv2rey,TRUE
https://t.me/s/freeiranweb,TRUE
https://t.me/s/freenapsternetv,TRUE
https://t.me/s/freenet,TRUE
https://t.me/s/freenet_for_everyone,TRUE
https://t.me/s/freeownvpn,TRUE
https://t.me/s/freeshadowsock,TRUE
https://t.me/s/freev2flyng,TRUE
https://t.me/s/freev2ray2024,TRUE
https://t.me/s/freev2rayi,TRUE
https://t.me/s/freev2raym,TRUE
https://t.me/s/freevirgoolnet,TRUE
https://t.me/s/freevlessvpn,TRUE
https://t.me/s/freevmess,TRUE
https://t.me/s/freevpn3327,TRUE
https://t.me/s/freevpnatm,TRUE
https://t.me/s/freevpnchina,TRUE
https://t.me/s/freevpnproxycustom,TRUE
https://t.me/s/freevv2rayng,TRUE
https://t.me/s/frev2ray,TRUE
https://t.me/s/frev2rayng,TRUE
https://t.me/s/frreevpn_ir,TRUE
https://t.me/s/fsv2ray,TRUE
https://t.me/s/funix_shope,TRUE
https://t.me/s/fv2ray,TRUE
https://t.me/s/fxnodes,TRUE
https://t.me/s/galaxy_vpns,TRUE
https://t.me/s/game_file2020,TRUE
https://t.me/s/garnet_free,TRUE
https://t.me/s/ge2ray,TRUE
https://t.me/s/gervpn,TRUE
https://t.me/s/get2ray,TRUE
https://t.me/s/gh_v2rayng,TRUE
https://t.me/s/ghachvpn,TRUE
https://t.me/s/ghalagyann,TRUE
https://t.me/s/ghalagyann2,TRUE
https://t.me/s/givevpn,TRUE
https://t.me/s/global_net_vpn,TRUE
https://t.me/s/god_server7,TRUE
https://t.me/s/godv2rang,TRUE
https://t.me/s/goldd_v2ray,TRUE
https://t.me/s/goldenshiinevpn,TRUE
https://t.me/s/goldenvpn_v2rayy,TRUE
https://t.me/s/golf_vpn,TRUE
https://t.me/s/good_v2rayy,TRUE
https://t.me/s/goodbyefiltering,TRUE
https://t.me/s/gp_proxy_vpn,TRUE
https://t.me/s/gpair_vpn_pro2,TRUE
https://t.me/s/gptbottt,TRUE
https://t.me/s/grizzlyvpn,TRUE
https://t.me/s/gtexbridge,TRUE
https://t.me/s/guard_revil,TRUE
https://t.me/s/hack_proxy,TRUE
https://t.me/s/hackmodvpnservers,TRUE
https://t.me/s/haoshangle,TRUE
https://t.me/s/hiddify_f,TRUE
https://t.me/s/hl_proxy,TRUE
https://t.me/s/hormozvpn,TRUE
https://t.me/s/icv2ray,TRUE
https://t.me/s/idigitalz,TRUE
https://t.me/s/info_2it_channel,TRUE
https://t.me/s/injectormconf,TRUE
https://t.me/s/internet_nor,TRUE
https://t.me/s/internetazadvmess,TRUE
https://t.me/s/invizibleprotm,TRUE
https://t.me/s/ip_ramzi,TRUE
https://t.me/s/ipcloudflaretamiz,TRUE
https://t.me/s/ipv2ray,TRUE
https://t.me/s/ipv2rayng,TRUE
https://t.me/s/ir2nel,TRUE
https://t.me/s/ir_config_an,TRUE
https://t.me/s/ir_javann,TRUE
https://t.me/s/ir_netproxy,TRUE
https://t.me/s/ir_proxyv2ray,TRUE
https://t.me/s/iran_access,TRUE
https://t.me/s/iran_mehr_vpn,TRUE
https://t.me/s/iran_ray,TRUE
https://t.me/s/iranbaxvpn,TRUE
https://t.me/s/iranbfilter,TRUE
https://t.me/s/iranian_proxy_vpn,TRUE
https://t.me/s/iraniv2ray,TRUE
https://t.me/s/iranmedicalvpn,TRUE
https://t.me/s/iranmob_1,TRUE
https://t.me/s/iranonline_news,TRUE
https://t.me/s/iranproxypro,TRUE
https://t.me/s/iranramona,TRUE
https://t.me/s/iranray_vpn,TRUE
https://t.me/s/iransoftware90,TRUE
https://t.me/s/iranvipnet,TRUE
https://t.me/s/irn_vpn,TRUE
https://t.me/s/irv2rey,TRUE
https://t.me/s/iseqaro,TRUE
https://t.me/s/isvvpn,TRUE
https://t.me/s/itv2ray,TRUE
https://t.me/s/javid_iran_vpn,TRUE
https://t.me/s/javidnamaniran,TRUE
https://t.me/s/jd_vpn,TRUE
https://t.me/s/jedal_vpn,TRUE
https://t.me/s/jetmtp,TRUE
https://t.me/s/jetupnet,TRUE
https://t.me/s/jeyksatan,TRUE
https://t.me/s/jiedianf,TRUE
https://t.me/s/jiedianhezu,TRUE
https://t.me/s/jiedianssr,TRUE
https://t.me/s/jiujied,TRUE
https://t.me/s/jokerv2ray,TRUE
https://t.me/s/juzibaipiao,TRUE
https://t.me/s/kabirvpn,TRUE
https://t.me/s/kafing_2,TRUE
https://t.me/s/kakaya3in,TRUE
https://t.me/s/kanfig_majani,TRUE
https://t.me/s/kayh_gng,TRUE
https://t.me/s/kesslervpn,TRUE
https://t.me/s/khalaa_vpn,TRUE
https://t.me/s/khoneproxy,TRUE
https://t.me/s/kilid_stor,TRUE
https://t.me/s/king_network7,TRUE
https://t.me/s/kingmtp,TRUE
https://t.me/s/kingofilter,TRUE
https://t.me/s/kingvpnstore,TRUE
https://t.me/s/kinsta_service,TRUE
https://t.me/s/kkkkkoabvbbvbvv,TRUE
https://t.me/s/kopltall_vpn,TRUE
https://t.me/s/kurd_v2ray,TRUE
https://t.me/s/kurdistan_vpn_perfectt,TRUE
https://t.me/s/kurdvpn1,TRUE
https://t.me/s/kuto_proxy2,TRUE
https://t.me/s/lakvpn1,TRUE
https://t.me/s/lax_vpn,TRUE
https://t.me/s/lazarus2050,TRUE
https://t.me/s/learn_launch,TRUE
https://t.me/s/leastping,TRUE
https://t.me/s/legendery_servers,TRUE
https://t.me/s/leimaorg,TRUE
https://t.me/s/lemonshopvpn,TRUE
https://t.me/s/limootuursh,TRUE
https://t.me/s/lion_channel_vpn2,TRUE
https://t.me/s/liq_vpn,TRUE
https://t.me/s/ln2ray,TRUE
https://t.me/s/loatvpn,TRUE
https://t.me/s/lockey_vpn,TRUE
https://t.me/s/lombo_channel,TRUE
https://t.me/s/luckyvpn,TRUE
https://t.me/s/mafiav2ray,TRUE
https://t.me/s/magickey_shop,TRUE
https://t.me/s/magicvpn_shop,TRUE
https://t.me/s/mahan_ping,TRUE
https://t.me/s/mahanfix,TRUE
https://t.me/s/mahanvpn,TRUE
https://t.me/s/mahdiserver,TRUE
https://t.me/s/mahdivpn2,TRUE
https://t.me/s/mahsaproxy,TRUE
https://t.me/s/mahxray,TRUE
https://t.me/s/mainmat,TRUE
https://t.me/s/manzariyeh_rasht,TRUE
https://t.me/s/maradona_vpn,TRUE
https://t.me/s/marzazad,TRUE
https://t.me/s/mastervpnshop1,TRUE
https://t.me/s/maxvpnc,TRUE
https://t.me/s/maznet,TRUE
https://t.me/s/mdvpn184,TRUE
https://t.me/s/mdvpnsec,TRUE
https://t.me/s/mehduox_vpn,TRUE
https://t.me/s/mehrosaboran,TRUE
https://t.me/s/meli_proxyyy,TRUE
https://t.me/s/meli_v2rayng,TRUE
https://t.me/s/merdesert,TRUE
https://t.me/s/mester_v2ray,TRUE
https://t.me/s/mftizi,TRUE
https://t.me/s/mgod_ping,TRUE
https://t.me/s/mi_pn_official,TRUE
https://t.me/s/migekeh,TRUE
https://t.me/s/migping,TRUE
https://t.me/s/mikasavpn,TRUE
https://t.me/s/mimitdl,TRUE
https://t.me/s/minovpnch,TRUE
https://t.me/s/miov2ray,TRUE
https://t.me/s/miyanbor_vpn,TRUE
https://t.me/s/mobsec,TRUE
https://t.me/s/mod_app31,TRUE
https://t.me/s/moein_insta,TRUE
https://t.me/s/moft_vpn,TRUE
https://t.me/s/moftinet,TRUE
https://t.me/s/moiinmk,TRUE
https://t.me/s/mood_tarinhaa,TRUE
https://t.me/s/moon_ping,TRUE
https://t.me/s/mpmehi,TRUE
https://t.me/s/mpproxy,TRUE
https://t.me/s/mr_vpn123,TRUE
https://t.me/s/mrclud,TRUE
https://t.me/s/mruvpn,TRUE
https://t.me/s/mrv2ray,TRUE
https://t.me/s/mrvpn1403,TRUE
https://t.me/s/msv2flyng,TRUE
https://t.me/s/msv2ray,TRUE
https://t.me/s/msv2raynp,TRUE
https://t.me/s/mt_proxy,TRUE
https://t.me/s/mt_team_iran,TRUE
https://t.me/s/mtconfig,TRUE
https://t.me/s/mtpproxy0098,TRUE
https://t.me/s/mtproto_dx,TRUE
https://t.me/s/mtproxy22_v2ray,TRUE
https://t.me/s/mtproxy_lists,TRUE
https://t.me/s/mtpv2ray,TRUE
https://t.me/s/mypremium98,TRUE
https://t.me/s/n2vpn,TRUE
https://t.me/s/napsternetvirani,TRUE
https://t.me/s/napsterntvtm,TRUE
https://t.me/s/narcod_ping,TRUE
https://t.me/s/nepo_v2ray,TRUE
https://t.me/s/net_azad_1,TRUE
https://t.me/s/net_x1,TRUE
https://t.me/s/netaccount,TRUE
https://t.me/s/netazadchannel,TRUE
https://t.me/s/netbox2,TRUE
https://t.me/s/netcinnect,TRUE
https://t.me/s/netfreedom0,TRUE
https://t.me/s/netguardstore,TRUE
https://t.me/s/netmellianti,TRUE
https://t.me/s/netspeedservice,TRUE
https://t.me/s/new_mtproxi2,TRUE
https://t.me/s/new_proxy_channel,TRUE
https://t.me/s/next_serverpanel,TRUE
https://t.me/s/nimbaham,TRUE
https://t.me/s/nitroserver_ir,TRUE
https://t.me/s/nitrovpne,TRUE
https://t.me/s/nn_vpn,TRUE
https://t.me/s/nofilter_v2rayng,TRUE
https://t.me/s/nofiltering2,TRUE
https://t.me/s/noforcedheaven,TRUE
https://t.me/s/norbertpro_vpn,TRUE
https://t.me/s/novavpn1984,TRUE
https://t.me/s/noviin_tel,TRUE
https://t.me/s/novinology,TRUE
https://t.me/s/npvv2rayfilter,TRUE
https://t.me/s/nt_safe,TRUE
https://t.me/s/ntconfig,TRUE
https://t.me/s/ntgreenplus,TRUE
https://t.me/s/nufilter,TRUE
https://t.me/s/nufilter2,TRUE
https://t.me/s/oceannetworks,TRUE
https://t.me/s/official_mtproxy,TRUE
https://t.me/s/ohvpn,TRUE
https://t.me/s/okab3_script_channel,TRUE
https://t.me/s/omegavp,TRUE
https://t.me/s/oonfig,TRUE
https://t.me/s/opensstpvpn,TRUE
https://t.me/s/optvpn,TRUE
https://t.me/s/orgempirenet,TRUE
https://t.me/s/outline_ir,TRUE
https://t.me/s/outlines_vpn,TRUE
https://t.me/s/outlinev2rayng,TRUE
https://t.me/s/parmo_vpn,TRUE
https://t.me/s/parsashonam,TRUE
https://t.me/s/persian_proxy6,TRUE
https://t.me/s/powerfullvpn,TRUE
https://t.me/s/premiumtellacc,TRUE
https://t.me/s/prisvpn,TRUE
https://t.me/s/pro_chaneel,TRUE
https://t.me/s/prooxyk,TRUE
https://t.me/s/proprojec,TRUE
https://t.me/s/prossh,TRUE
https://t.me/s/proxie,TRUE
https://t.me/s/proxiiraniii,TRUE
https://t.me/s/proxse11,TRUE
https://t.me/s/proxy48,TRUE
https://t.me/s/proxy6050,TRUE
https://t.me/s/proxy_confiingir,TRUE
https://t.me/s/proxy_emperor,TRUE
https://t.me/s/proxy_iranv2,TRUE
https://t.me/s/proxy_kafee,TRUE
https://t.me/s/proxy_kuto,TRUE
https://t.me/s/proxy_league,TRUE
https://t.me/s/proxy_mtproto_vpns_free,TRUE
https://t.me/s/proxy_n1,TRUE
https://t.me/s/proxy_net_meli,TRUE
https://t.me/s/proxy_pj,TRUE
https://t.me/s/proxy_v2box,TRUE
https://t.me/s/proxydaemioutline,TRUE
https://t.me/s/proxyfacts,TRUE
https://t.me/s/proxyfn,TRUE
https://t.me/s/proxyfull,TRUE
https://t.me/s/proxygrizzly,TRUE
https://t.me/s/proxyhubc,TRUE
https://t.me/s/proxyirancel,TRUE
https://t.me/s/proxymy2,TRUE
https://t.me/s/proxypj,TRUE
https://t.me/s/proxyporsoat,TRUE
https://t.me/s/proxysee,TRUE
https://t.me/s/proxyskyy,TRUE
https://t.me/s/proxystore11,TRUE
https://t.me/s/proxysudo,TRUE
https://t.me/s/proxyvpnvip,TRUE
https://t.me/s/proxyy,TRUE
https://t.me/s/prroxyng,TRUE
https://t.me/s/psiphonf,TRUE
https://t.me/s/pubg_vpn_ir,TRUE
https://t.me/s/public504,TRUE
https://t.me/s/puni_shop_v2rayng,TRUE
https://t.me/s/pusyvpn,TRUE
https://t.me/s/pydriclub,TRUE
https://t.me/s/qafor_1,TRUE
https://t.me/s/qeshmserver,TRUE
https://t.me/s/qiuyue2,TRUE
https://t.me/s/qrv2ray,TRUE
https://t.me/s/rabbit2vpn,TRUE
https://t.me/s/rasadvpn,TRUE
https://t.me/s/ravenxer,TRUE
https://t.me/s/rayanconf,TRUE
https://t.me/s/realvpnmaster,TRUE
https://t.me/s/red2ray,TRUE
https://t.me/s/relaxv2ray,TRUE
https://t.me/s/renetvip,TRUE
https://t.me/s/renetvpn,TRUE
https://t.me/s/rexusvpn,TRUE
https://t.me/s/rez1vpn,TRUE
https://t.me/s/rezadehqan_ir,TRUE
https://t.me/s/rezaw_server,TRUE
https://t.me/s/rima_vpn,TRUE
https://t.me/s/rnrifci,TRUE
https://t.me/s/rohv2ray,TRUE
https://t.me/s/roshdcollection,TRUE
https://t.me/s/royal_shop87,TRUE
https://t.me/s/royalping_ir,TRUE
https://t.me/s/rskhivpn,TRUE
https://t.me/s/rsv2ray,TRUE
https://t.me/s/sabz_v2ray,TRUE
https://t.me/s/saferoadnet,TRUE
https://t.me/s/sajad_titan_s_t_n_v2ray,TRUE
https://t.me/s/samiv2ray,TRUE
https://t.me/s/satafkompani,TRUE
https://t.me/s/satarvpn1,TRUE
https://t.me/s/satellitenewspersian,TRUE
https://t.me/s/savagenet,TRUE
https://t.me/s/savagev2ray,TRUE
https://t.me/s/saveproxy,TRUE
https://t.me/s/securenetwork1,TRUE
https://t.me/s/securit_y_breach,TRUE
https://t.me/s/selinc,TRUE
https://t.me/s/server444,TRUE
https://t.me/s/server_housing03,TRUE
https://t.me/s/server_nekobox,TRUE
https://t.me/s/serverii,TRUE
https://t.me/s/servernett,TRUE
https://t.me/s/serversiran11,TRUE
https://t.me/s/serverv2ray00,TRUE
https://t.me/s/seven_ping,TRUE
https://t.me/s/sevenvpnchannel,TRUE
https://t.me/s/sezar_sec,TRUE
https://t.me/s/shadow_v2ray,TRUE
https://t.me/s/shadowrocketv2ray,TRUE
https://t.me/s/shadowsocks_s,TRUE
https://t.me/s/shadowsockskeys,TRUE
https://t.me/s/shadowsocksserv,TRUE
https://t.me/s/shadowsocksservers,TRUE
https://t.me/s/shadowsocksshop,TRUE
https://t.me/s/shahedtec,TRUE
https://t.me/s/share_nodes,TRUE
https://t.me/s/sharecentrepro,TRUE
https://t.me/s/shconfig,TRUE
https://t.me/s/shh_proxy,TRUE
https://t.me/s/shokhmiplus,TRUE
https://t.me/s/shopingv2ray,TRUE
https://t.me/s/shopzonix,TRUE
https://t.me/s/sifev2ray,TRUE
https://t.me/s/sifrdvpn,TRUE
https://t.me/s/sigma_tic,TRUE
https://t.me/s/silvaserver,TRUE
https://t.me/s/sinamobail,TRUE
https://t.me/s/singbox1,TRUE
https://t.me/s/sitefilter,TRUE
https://t.me/s/skipvip,TRUE
https://t.me/s/skivpn,TRUE
https://t.me/s/soalvajavaab,TRUE
https://t.me/s/sobi_vpn,TRUE
https://t.me/s/sobyv2ray,TRUE
https://t.me/s/sockcs_http,TRUE
https://t.me/s/socks5r,TRUE
https://t.me/s/socks5tobefree,TRUE
https://t.me/s/soranvpn,TRUE
https://t.me/s/soskeynet,TRUE
https://t.me/s/sourcefreefilter,TRUE
https://t.me/s/sourcevipn,TRUE
https://t.me/s/spcware,TRUE
https://t.me/s/speedconfig00,TRUE
https://t.me/s/spikevpn,TRUE
https://t.me/s/springhq,TRUE
https://t.me/s/springv2ray,TRUE
https://t.me/s/srcvpn,TRUE
https://t.me/s/srovpn,TRUE
https://t.me/s/srv2ray,TRUE
https://t.me/s/star_hack_100,TRUE
https://t.me/s/starconfigs1,TRUE
https://t.me/s/starv2rayn,TRUE
https://t.me/s/staticvpn,TRUE
https://t.me/s/strongprotocol,TRUE
https://t.me/s/subscription8,TRUE
https://t.me/s/sudovpn,TRUE
https://t.me/s/summertimeus,TRUE
https://t.me/s/svnteam,TRUE
https://t.me/s/tawanaclub,TRUE
https://t.me/s/tc_v2ray,TRUE
https://t.me/s/teamvpnpro,TRUE
https://t.me/s/tehranargo,TRUE
https://t.me/s/tehranargo1,TRUE
https://t.me/s/tehranfreevpn,TRUE
https://t.me/s/tehron98,TRUE
https://t.me/s/teleking_vip,TRUE
https://t.me/s/telmavpn,TRUE
https://t.me/s/tenzovpn,TRUE
https://t.me/s/tgvpn6,TRUE
https://t.me/s/thevictorvpn,TRUE
https://t.me/s/thunderv2ray,TRUE
https://t.me/s/tiger_hack_king,TRUE
https://t.me/s/tiny_vpn_official,TRUE
https://t.me/s/titan_v2rayvpn,TRUE
https://t.me/s/tiv2ray,TRUE
https://t.me/s/tls_v2ray,TRUE
https://t.me/s/tm_vpn_king_bott,TRUE
https://t.me/s/tm_vpn_ogrysy,TRUE
https://t.me/s/tmnet_news,TRUE
https://t.me/s/tmno1vpn,TRUE
https://t.me/s/tmv2ray,TRUE
https://t.me/s/tokyonetwork,TRUE
https://t.me/s/tongtiange,TRUE
https://t.me/s/top2rayy,TRUE
https://t.me/s/topvpn02,TRUE
https://t.me/s/torang_vpn,TRUE
https://t.me/s/toucan_vpn,TRUE
https://t.me/s/tov2rayy,TRUE
https://t.me/s/toyota_proxy,TRUE
https://t.me/s/toyota_proxyyyy,TRUE
https://t.me/s/trand_farsi,TRUE
https://t.me/s/trontoman,TRUE
https://t.me/s/tunder_vpn,TRUE
https://t.me/s/tunelvip,TRUE
https://t.me/s/tunnelnim,TRUE
https://t.me/s/tunssh,TRUE
https://t.me/s/turboo_server,TRUE
https://t.me/s/turbov2r,TRUE
https://t.me/s/tv2rayrr,TRUE
https://t.me/s/tv_v2ray,TRUE
https://t.me/s/uciranir,TRUE
https://t.me/s/ultrasurf_12,TRUE
https://t.me/s/uniquenett,TRUE
https://t.me/s/univstar,TRUE
https://t.me/s/unixkey,TRUE
https://t.me/s/unlimiteddev,TRUE
https://t.me/s/uraniumvpn,TRUE
https://t.me/s/uvpn_org,TRUE
https://t.me/s/uvpnir,TRUE
https://t.me/s/v222ray,TRUE
https://t.me/s/v22rayngg,TRUE
https://t.me/s/v2_kurd,TRUE
https://t.me/s/v2_team,TRUE
https://t.me/s/v2advicr,TRUE
https://t.me/s/v2ang,TRUE
https://t.me/s/v2aryng_vpn,TRUE
https://t.me/s/v2bamdad,TRUE
https://t.me/s/v2boxng74,TRUE
https://t.me/s/v2city,TRUE
https://t.me/s/v2conf,TRUE
https://t.me/s/v2dotcom,TRUE
https://t.me/s/v2fast100,TRUE
https://t.me/s/v2fetch,TRUE
https://t.me/s/v2fox_config,TRUE
https://t.me/s/v2fre,TRUE
https://t.me/s/v2freenet,TRUE
https://t.me/s/v2gng,TRUE
https://t.me/s/v2graphy,TRUE
https://t.me/s/v2hamid,TRUE
https://t.me/s/v2icy,TRUE
https://t.me/s/v2logy,TRUE
https://t.me/s/v2meowcf,TRUE
https://t.me/s/v2mod,TRUE
https://t.me/s/v2mystery,TRUE
https://t.me/s/v2net_iran,TRUE
https://t.me/s/v2ngfast,TRUE
https://t.me/s/v2pedia,TRUE
https://t.me/s/v2proxy,TRUE
https://t.me/s/v2ra2,TRUE
https://t.me/s/v2ra_ng_iran,TRUE
https://t.me/s/v2raand,TRUE
https://t.me/s/v2raayngconfig,TRUE
https://t.me/s/v2rang_255,TRUE
https://t.me/s/v2rang_da,TRUE
https://t.me/s/v2range,TRUE
https://t.me/s/v2rangkanal,TRUE
https://t.me/s/v2raxx,TRUE
https://t.me/s/v2ray16,TRUE
https://t.me/s/v2ray1_ng,TRUE
https://t.me/s/v2ray24,TRUE
https://t.me/s/v2ray2_ng,TRUE
https://t.me/s/v2ray4win,TRUE
https://t.me/s/v2ray60,TRUE
https://t.me/s/v2ray666,TRUE
https://t.me/s/v2ray851403,TRUE
https://t.me/s/v2ray_83,TRUE
https://t.me/s/v2ray_alpha,TRUE
https://t.me/s/v2ray_ar,TRUE
https://t.me/s/v2ray_config_2023,TRUE
https://t.me/s/v2ray_configs_pool,TRUE
https://t.me/s/v2ray_donya,TRUE
https://t.me/s/v2ray_fark,TRUE
https://t.me/s/v2ray_fd,TRUE
https://t.me/s/v2ray_freedomiran,TRUE
https://t.me/s/v2ray_gh,TRUE
https://t.me/s/v2ray_inter,TRUE
https://t.me/s/v2ray_iran88,TRUE
https://t.me/s/v2ray_majani,TRUE
https://t.me/s/v2ray_melli,TRUE
https://t.me/s/v2ray_n,TRUE
https://t.me/s/v2ray_reality_new,TRUE
https://t.me/s/v2ray_rh,TRUE
https://t.me/s/v2ray_rolly,TRUE
https://t.me/s/v2ray_shop_2,TRUE
https://t.me/s/v2ray_shopb,TRUE
https://t.me/s/v2ray_sos,TRUE
https://t.me/s/v2ray_sub,TRUE
https://t.me/s/v2ray_swhil,TRUE
https://t.me/s/v2ray_team,TRUE
https://t.me/s/v2ray_txshop,TRUE
https://t.me/s/v2ray_ty,TRUE
https://t.me/s/v2ray_v_vpn,TRUE
https://t.me/s/v2ray_vemo,TRUE
https://t.me/s/v2ray_vmes,TRUE
https://t.me/s/v2ray_vpna,TRUE
https://t.me/s/v2ray_vpnalfa,TRUE
https://t.me/s/v2ray_youtube,TRUE
https://t.me/s/v2rayang201,TRUE
https://t.me/s/v2rayaz,TRUE
https://t.me/s/v2raybe,TRUE
https://t.me/s/v2raybuddiesvpn,TRUE
https://t.me/s/v2raycg,TRUE
https://t.me/s/v2raych,TRUE
https://t.me/s/v2raychanel,TRUE
https://t.me/s/v2rayclubs,TRUE
https://t.me/s/v2raycollectordonate,TRUE
https://t.me/s/v2rayconfigamir,TRUE
https://t.me/s/v2raycrow,TRUE
https://t.me/s/v2raydiyako,TRUE
https://t.me/s/v2rayeservers,TRUE
https://t.me/s/v2rayexpress,TRUE
https://t.me/s/v2rayfa,TRUE
https://t.me/s/v2rayfast,TRUE
https://t.me/s/v2rayfree_server,TRUE
https://t.me/s/v2rayi_net,TRUE
https://t.me/s/v2rayir1,TRUE
https://t.me/s/v2rayland02,TRUE
https://t.me/s/v2raylandd,TRUE
https://t.me/s/v2rayliberty,TRUE
https://t.me/s/v2rayminer,TRUE
https://t.me/s/v2rayn2g,TRUE
https://t.me/s/v2rayn5,TRUE
https://t.me/s/v2rayn_openavpn,TRUE
https://t.me/s/v2rayn_server,TRUE
https://t.me/s/v2rayng01,TRUE
https://t.me/s/v2rayng12023,TRUE
https://t.me/s/v2rayng14,TRUE
https://t.me/s/v2rayng1ran,TRUE
https://t.me/s/v2rayng20000,TRUE
https://t.me/s/v2rayng20000000,TRUE
https://t.me/s/v2rayng3,TRUE
https://t.me/s/v2rayng89,TRUE
https://t.me/s/v2rayng_13,TRUE
https://t.me/s/v2rayng_1378,TRUE
https://t.me/s/v2rayng_147,TRUE
https://t.me/s/v2rayng_25,TRUE
https://t.me/s/v2rayng_76,TRUE
https://t.me/s/v2rayng_aads,TRUE
https://t.me/s/v2rayng_account_free,TRUE
https://t.me/s/v2rayng_blue,TRUE
https://t.me/s/v2rayng_channel,TRUE
https://t.me/s/v2rayng_cooonfig,TRUE
https://t.me/s/v2rayng_fast,TRUE
https://t.me/s/v2rayng_ge,TRUE
https://t.me/s/v2rayng_lion,TRUE
https://t.me/s/v2rayng_madam,TRUE
https://t.me/s/v2rayng_my2,TRUE
https://t.me/s/v2rayng_n2,TRUE
https://t.me/s/v2rayng_napesternetv,TRUE
https://t.me/s/v2rayng_nv,TRUE
https://t.me/s/v2rayng_nvvpn,TRUE
https://t.me/s/v2rayng_o,TRUE
https://t.me/s/v2rayng_outline_vpn,TRUE
https://t.me/s/v2rayng_outlinee,TRUE
https://t.me/s/v2rayng_sell,TRUE
https://t.me/s/v2rayng_serverr1,TRUE
https://t.me/s/v2rayng_v2_ray,TRUE
https://t.me/s/v2rayng_vpn,TRUE
https://t.me/s/v2rayng_vpnn,TRUE
https://t.me/s/v2rayng_vpnorg,TRUE
https://t.me/s/v2rayng_vpnt,TRUE
https://t.me/s/v2rayngalpha,TRUE
https://t.me/s/v2rayngalphagamer,TRUE
https://t.me/s/v2rayngb,TRUE
https://t.me/s/v2rayngc,TRUE
https://t.me/s/v2rayngchaannel,TRUE
https://t.me/s/v2rayngchannelll,TRUE
https://t.me/s/v2rayngcloud,TRUE
https://t.me/s/v2rayngconfig,TRUE
https://t.me/s/v2rayngconfiig,TRUE
https://t.me/s/v2rayngconfings,TRUE
https://t.me/s/v2rayngfast,TRUE
https://t.me/s/v2rayngfiree,TRUE
https://t.me/s/v2rayngfreee,TRUE
https://t.me/s/v2rayngim,TRUE
https://t.me/s/v2rayngmat,TRUE
https://t.me/s/v2rayngmdd,TRUE
https://t.me/s/v2rayngninja,TRUE
https://t.me/s/v2rayngraisi,TRUE
https://t.me/s/v2rayngrit,TRUE
https://t.me/s/v2rayngrr13,TRUE
https://t.me/s/v2rayngseven,TRUE
https://t.me/s/v2rayngte,TRUE
https://t.me/s/v2rayngup,TRUE
https://t.me/s/v2rayngv,TRUE
https://t.me/s/v2rayngvp,TRUE
https://t.me/s/v2rayngvpn_1,TRUE
https://t.me/s/v2rayngvpnn,TRUE
https://t.me/s/v2rayngvvpn,TRUE
https://t.me/s/v2rayninja,TRUE
https://t.me/s/v2raynselling,TRUE
https://t.me/s/v2raynz,TRUE
https://t.me/s/v2rayo7ybv67i76,TRUE
https://t.me/s/v2rayoo,TRUE
https://t.me/s/v2rayopen,TRUE
https://t.me/s/v2rayp1,TRUE
https://t.me/s/v2rayping,TRUE
https://t.me/s/v2rayport,TRUE
https://t.me/s/v2rayprotocol,TRUE
https://t.me/s/v2rayproxy,TRUE
https://t.me/s/v2rayrb6,TRUE
https://t.me/s/v2rayrg,TRUE
https://t.me/s/v2rayroad,TRUE
https://t.me/s/v2rayroz,TRUE
https://t.me/s/v2rayservere,TRUE
https://t.me/s/v2rayshop_m,TRUE
https://t.me/s/v2raysiran,TRUE
https://t.me/s/v2rayspeed,TRUE
https://t.me/s/v2raytel,TRUE
https://t.me/s/v2raytork,TRUE
https://t.me/s/v2rayturbo,TRUE
https://t.me/s/v2raytz,TRUE
https://t.me/s/v2rayvl,TRUE
https://t.me/s/v2rayvlp,TRUE
https://t.me/s/v2rayvmess,TRUE
https://t.me/s/v2rayvpn009,TRUE
https://t.me/s/v2rayvpn2,TRUE
https://t.me/s/v2rayvpnchannel,TRUE
https://t.me/s/v2rayvpnclub,TRUE
https://t.me/s/v2rayvx,TRUE
https://t.me/s/v2rayweb,TRUE
https://t.me/s/v2rayxservers,TRUE
https://t.me/s/v2rayy_vpn13,TRUE
https://t.me/s/v2rayyngvpn,TRUE
https://t.me/s/v2rayza,TRUE
https://t.me/s/v2rayzone,TRUE
https://t.me/s/v2raz,TRUE
https://t.me/s/v2ret,TRUE
https://t.me/s/v2rez,TRUE
https://t.me/s/v2rfa,TRUE
https://t.me/s/v2rng_free1,TRUE
https://t.me/s/v2royns,TRUE
https://t.me/s/v2rplus,TRUE
https://t.me/s/v2rray_ng,TRUE
https://t.me/s/v2ry_proxy,TRUE
https://t.me/s/v2ryng0,TRUE
https://t.me/s/v2ryngfree,TRUE
https://t.me/s/v2safe,TRUE
https://t.me/s/v2shop2,TRUE
https://t.me/s/v2source,TRUE
https://t.me/s/v2starvip,TRUE
https://t.me/s/v2teamvip,TRUE
https://t.me/s/v2turbo,TRUE
https://t.me/s/v2vipchannel,TRUE
https://t.me/s/v2xsy,TRUE
https://t.me/s/v5ray_ng,TRUE
https://t.me/s/v_2ray1,TRUE
https://t.me/s/v_2rayng0,TRUE
https://t.me/s/v_2rayngvpn,TRUE
https://t.me/s/vaiking_vpn,TRUE
https://t.me/s/vboxpanel,TRUE
https://t.me/s/vc_proxy,TRUE
https://t.me/s/vein_vpn,TRUE
https://t.me/s/veta_land,TRUE
https://t.me/s/vezzevpn,TRUE
https://t.me/s/vip_fragment_v2ray,TRUE
https://t.me/s/vip_free_vpn02,TRUE
https://t.me/s/vip_freevpn1,TRUE
https://t.me/s/vip_programs,TRUE
https://t.me/s/vip_tunel,TRUE
https://t.me/s/vip_vpn_2022,TRUE
https://t.me/s/vipfastspeed,TRUE
https://t.me/s/vipnetmeli,TRUE
https://t.me/s/vipoutline,TRUE
https://t.me/s/vipufovpn,TRUE
https://t.me/s/vipv2rayngnp,TRUE
https://t.me/s/vipv2rayvip,TRUE
https://t.me/s/vipv2rey,TRUE
https://t.me/s/vipvpn_v2ray,TRUE
https://t.me/s/vipvpncenter,TRUE
https://t.me/s/vipvpnsia,TRUE
https://t.me/s/vistav2ray,TRUE
https://t.me/s/vless1,TRUE
https://t.me/s/vlessconfig,TRUE
https://t.me/s/vlessh,TRUE
https://t.me/s/vmesc,TRUE
https://t.me/s/vmess_freee,TRUE
https://t.me/s/vmess_ir,TRUE
https://t.me/s/vmess_iran,TRUE
https://t.me/s/vmess_vless_v2rayng,TRUE
https://t.me/s/vmessiran,TRUE
https://t.me/s/vmessiranproxy,TRUE
https://t.me/s/vmesskhodam,TRUE
https://t.me/s/vmessorg,TRUE
https://t.me/s/vmessraygan,TRUE
https://t.me/s/vmessx,TRUE
https://t.me/s/vp22ray,TRUE
https://t.me/s/vp_n1,TRUE
https://t.me/s/vpean,TRUE
https://t.me/s/vpidiamond,TRUE
https://t.me/s/vplusking,TRUE
https://t.me/s/vplusvpn_free,TRUE
https://t.me/s/vpn4ir_1,TRUE
https://t.me/s/vpn_315,TRUE
https://t.me/s/vpn_accounti,TRUE
https://t.me/s/vpn_arta,TRUE
https://t.me/s/vpn_bal0uch,TRUE
https://t.me/s/vpn_bist1,TRUE
https://t.me/s/vpn_bu,TRUE
https://t.me/s/vpn_famous,TRUE
https://t.me/s/vpn_ioss,TRUE
https://t.me/s/vpn_kade01,TRUE
https://t.me/s/vpn_kadeh_iran,TRUE
https://t.me/s/vpn_kanfik,TRUE
https://t.me/s/vpn_king_v2ray,TRUE
https://t.me/s/vpn_land_official,TRUE
https://t.me/s/vpn_ocean,TRUE
https://t.me/s/vpn_proxy_v2ry,TRUE
https://t.me/s/vpn_storm,TRUE
https://t.me/s/vpn_sts,TRUE
https://t.me/s/vpn_v2ra_ng,TRUE
https://t.me/s/vpn_zvpn,TRUE
https://t.me/s/vpnaiden,TRUE
https://t.me/s/vpnamohelp,TRUE
https://t.me/s/vpnandroid2,TRUE
https://t.me/s/vpnbigbang,TRUE
https://t.me/s/vpncaneel,TRUE
https://t.me/s/vpnclick,TRUE
https://t.me/s/vpnconfignet,TRUE
https://t.me/s/vpncostume,TRUE
https://t.me/s/vpncostumer,TRUE
https://t.me/s/vpncustomize,TRUE
https://t.me/s/vpnepic,TRUE
https://t.me/s/vpneti,TRUE
https://t.me/s/vpnfail_v2ray,TRUE
https://t.me/s/vpnfastservice,TRUE
https://t.me/s/vpnfree6,TRUE
https://t.me/s/vpnfree85,TRUE
https://t.me/s/vpnfreeaccounts,TRUE
https://t.me/s/vpnfreeo,TRUE
https://t.me/s/vpngate_config,TRUE
https://t.me/s/vpnhomeiran,TRUE
https://t.me/s/vpnhouse_official,TRUE
https://t.me/s/vpnhubmarket,TRUE
https://t.me/s/vpnia1,TRUE
https://t.me/s/vpnkafing,TRUE
https://t.me/s/vpnkanfik,TRUE
https://t.me/s/vpnkaro,TRUE
https://t.me/s/vpnmasi,TRUE
https://t.me/s/vpnmeg,TRUE
https://t.me/s/vpnmega1,TRUE
https://t.me/s/vpnmk1,TRUE
https://t.me/s/vpnod,TRUE
https://t.me/s/vpnowl,TRUE
https://t.me/s/vpnpacket,TRUE
https://t.me/s/vpnplus100,TRUE
https://t.me/s/vpnplusee_free,TRUE
https://t.me/s/vpnpopular2023,TRUE
https://t.me/s/vpnprivet,TRUE
https://t.me/s/vpnpro_xy,TRUE
https://t.me/s/vpnradin,TRUE
https://t.me/s/vpnserver_tel,TRUE
https://t.me/s/vpnservergprc,TRUE
https://t.me/s/vpnserverrr,TRUE
https://t.me/s/vpnshecan,TRUE
https://t.me/s/vpnskyy,TRUE
https://t.me/s/vpnsshocean,TRUE
https://t.me/s/vpnstable,TRUE
https://t.me/s/vpnstorefast,TRUE
https://t.me/s/vpnsupportfast,TRUE
https://t.me/s/vpntrt,TRUE
https://t.me/s/vpntwitt,TRUE
https://t.me/s/vpnv2rayng90,TRUE
https://t.me/s/vpnv2rayngv,TRUE
https://t.me/s/vpnv2rayonline,TRUE
https://t.me/s/vpnv2raytop,TRUE
https://t.me/s/vpnvg,TRUE
https://t.me/s/vpnwlf,TRUE
https://t.me/s/vpnx1x,TRUE
https://t.me/s/vpnzamin,TRUE
https://t.me/s/vpnzzo,TRUE
https://t.me/s/vpray3,TRUE
https://t.me/s/vrayhub,TRUE
https://t.me/s/vruntech,TRUE
https://t.me/s/vtolink,TRUE
https://t.me/s/vtworay_wolf,TRUE
https://t.me/s/wancloudfa,TRUE
https://t.me/s/wangcai_8,TRUE
https://t.me/s/wbrovers,TRUE
https://t.me/s/wearestand,TRUE
https://t.me/s/webhube,TRUE
https://t.me/s/webonim,TRUE
https://t.me/s/webovpn,TRUE
https://t.me/s/webshecan,TRUE
https://t.me/s/wedbaznet,TRUE
https://t.me/s/wedbaztel,TRUE
https://t.me/s/wedbazvpn,TRUE
https://t.me/s/weepeen,TRUE
https://t.me/s/whale8,TRUE
https://t.me/s/whalevpnchannel,TRUE
https://t.me/s/wirepro_vpn,TRUE
https://t.me/s/wolf_vpn02,TRUE
https://t.me/s/womanlifefreedomvpn,TRUE
https://t.me/s/world_vmess,TRUE
https://t.me/s/worldprooxy,TRUE
https://t.me/s/wsbvpn,TRUE
https://t.me/s/wxdy666,TRUE
https://t.me/s/x2ray_team,TRUE
https://t.me/s/x4azadi,TRUE
https://t.me/s/x_her0,TRUE
https://t.me/s/xbest_speed,TRUE
https://t.me/s/xiaoxinv,TRUE
https://t.me/s/xiv2ray,TRUE
https://t.me/s/xivpn,TRUE
https://t.me/s/xnxv2ray,TRUE
https://t.me/s/xpnteam,TRUE
https://t.me/s/xrayproxy,TRUE
https://t.me/s/xrayzxn,TRUE
https://t.me/s/xsv2ray,TRUE
https://t.me/s/xsvpn_ch,TRUE
https://t.me/s/xv2ray_ng,TRUE
https://t.me/s/xvproxy,TRUE
https://t.me/s/xyzquantvpn,TRUE
https://t.me/s/yaney_01,TRUE
https://t.me/s/yaritovpn,TRUE
https://t.me/s/yasv2ray,TRUE
https://t.me/s/yekoyekvpn,TRUE
https://t.me/s/yuproxytelegram,TRUE
https://t.me/s/yushik_vpn,TRUE
https://t.me/s/yxjnode,TRUE
https://t.me/s/zapasv2ray,TRUE
https://t.me/s/zar_vpn,TRUE
https://t.me/s/zdyz2,TRUE
https://t.me/s/zed_vpn,TRUE
https://t.me/s/zede_filteri,TRUE
https://t.me/s/zedmodeontech,TRUE
https://t.me/s/zedping,TRUE
https://t.me/s/zen_cloud,TRUE
https://t.me/s/zeptovpn,TRUE
https://t.me/s/zerobaipiao,TRUE
https://t.me/s/zeroshop00,TRUE
https://t.me/s/zerov2shop,TRUE
https://t.me/s/zibanabz,TRUE
https://t.me/s/zilatvpn,TRUE
https://t.me/s/zilv2ray_service,TRUE
https://t.me/s/zotpo,TRUE
https://t.me/s/ztv2ray,TRUE
https://t.me/s/zvpnn,TRUE
https://t.me/s/zyfxlnn,TRUE
https://t.me/s/ShadowsocksM,TRUE
https://t.me/s/v2rayngvpn,TRUE
https://t.me/s/An0nymousTeam,TRUE
https://t.me/s/oneclickvpnkeys,TRUE
https://t.me/s/CaV2ray,TRUE
https://t.me/s/MehradLearn,TRUE
https://t.me/s/SafeNet_Server,TRUE
https://t.me/s/lrnbymaa,TRUE
https://t.me/s/proxy_mtm,TRUE
https://t.me/s/V2rey_Hiddify,TRUE
https://t.me/s/V2rayNGn,TRUE
https://t.me/s/s0013_Official,TRUE
https://t.me/s/oxnet_ir,TRUE
https://t.me/s/ernoxin_shop,TRUE
https://t.me/s/DarkVPNpro,TRUE
https://t.me/s/v2raybaz,TRUE
https://t.me/s/freedomofinfor,TRUE
https://t.me/s/amirtronic,TRUE
https://t.me/s/kb_v2ray_store,TRUE
https://t.me/s/FreeVPNHomesConfigs,TRUE
https://t.me/s/Ahmedhamoomi_Servers,TRUE
https://t.me/s/V2ray_nima02,TRUE
https://t.me/s/v2ray_hub1,TRUE
https://t.me/s/BESTFORBEST66,TRUE
https://t.me/s/curetech,TRUE
https://t.me/s/GetConfigIR,TRUE
https://t.me/s/Suevpnx,TRUE
https://t.me/s/Nfastvpnn,TRUE
https://t.me/s/napsternetv,TRUE
https://t.me/s/Alpha_V2ray_Iran,TRUE
https://t.me/s/vpn_proxy666,TRUE
https://t.me/s/xsfilternet,TRUE
https://t.me/s/Hiidify_V2ray,TRUE
https://t.me/s/ConfigWireguard,TRUE
https://t.me/s/WireVpnGuard,TRUE
https://t.me/s/ConfigV2rayNG,TRUE
https://t.me/s/V2ray_Tunnel_Plus,TRUE
https://t.me/s/CookVip,TRUE
https://t.me/s/OutlineReleasedKey,TRUE
https://t.me/s/Qv2rayCONFIG,TRUE
https://t.me/s/xsfilternetv2,TRUE
https://t.me/s/AzadNet,TRUE
https://t.me/s/V2SayFree,TRUE
https://t.me/s/xroVPN,TRUE
https://t.me/s/viturey,TRUE
https://t.me/s/freedom_guard_net,TRUE
https://t.me/s/ZeusVPN_Net,TRUE
https://t.me/s/v2nodes,TRUE
https://t.me/VaslShoir,TRUE
https://t.me/configraygan,TRUE
https://t.me/zedmodeonvpn,TRUE
https://t.me/mitivpn,TRUE
https://t.me/vi2ray_vpn,TRUE
https://t.me/cicdoVPN,TRUE
https://t.me/PewezaVPN,TRUE
https://t.me/xsfilternet,TRUE
https://t.me/Airdorap_Free,TRUE
https://t.me/CUSTOMIZEGP,TRUE
https://t.me/chat_nakone,TRUE
https://t.me/DrovOne,TRUE
https://t.me/v2raygencon,TRUE
https://t.me/V2RAY_SPATIAL,TRUE
https://t.me/shankamil,TRUE
https://t.me/duckvp_n,TRUE
https://t.me/AmyraxVPN,TRUE
https://t.me/AzadNet,TRUE
https://t.me/Dr_stop_Voice,TRUE